{
	"data":{
		"closure_fin_items_results":[
			{
				"fin_name_results":[
					{
						"fitem_id":"12148",
						"fitem_name":"Current PE Ratio (Annualised)",
						"fitem_value":"12.80",
						"hidden_graph_ico":false
					},
					{
						"fitem_id":"2891",
						"fitem_name":"Current PE Ratio (TTM)",
						"fitem_value":"17.15",
						"hidden_graph_ico":false
					},
					{
						"fitem_id":"16577",
						"fitem_name":"Forward PE Ratio",
						"fitem_value":"13.00",
						"hidden_graph_ico":false
					},
					{
						"fitem_id":"13427",
						"fitem_name":"IHSG PE Ratio TTM (Median)",
						"fitem_value":"8.56",
						"hidden_graph_ico":false
					},
					{
						"fitem_id":"2898",
						"fitem_name":"Earnings Yield (TTM)(%)",
						"fitem_value":"5.83%",
						"hidden_graph_ico":false
					},
					{
						"fitem_id":"2893",
						"fitem_name":"Current Price to Sales (TTM)",
						"fitem_value":"3.94",
						"hidden_graph_ico":false
					},
					{
						"fitem_id":"2896",
						"fitem_name":"Current Price to Book Value",
						"fitem_value":"2.29",
						"hidden_graph_ico":false
					},
					{
						"fitem_id":"16533",
						"fitem_name":"Current Price To Cashflow (TTM)",
						"fitem_value":"18.25",
						"hidden_graph_ico":false
					},
					{
						"fitem_id":"15881",
						"fitem_name":"Current Price To Free Cashflow (TTM)",
						"fitem_value":"25.50",
						"hidden_graph_ico":false
					},
					{
						"fitem_id":"2897",
						"fitem_name":"EV to EBIT (TTM)",
						"fitem_value":"12.84",
						"hidden_graph_ico":false
					},
					{
						"fitem_id":"13431",
						"fitem_name":"PEG Ratio",
						"fitem_value":"0.48",
						"hidden_graph_ico":false
					},
					{
						"fitem_id":"13432",
						"fitem_name":"PEG Ratio (3yr)",
						"fitem_value":"-2.17",
						"hidden_graph_ico":false
					},
					{
						"fitem_id":"13430",
						"fitem_name":"PEG (Forward)",
						"fitem_value":"0.39",
						"hidden_graph_ico":false
					}
				],
				"keystats_name":"Current Valuation"
			},
			{
				"fin_name_results":[
					{
						"fitem_id":"13200",
						"fitem_name":"Current EPS (TTM)",
						"fitem_value":"240.22",
						"hidden_graph_ico":false
					},
					{
						"fitem_id":"12988",
						"fitem_name":"Current EPS (Annualised)",
						"fitem_value":"321.12",
						"hidden_graph_ico":false
					},
					{
						"fitem_id":"15880",
						"fitem_name":"Revenue Per Share (TTM)",
						"fitem_value":"1,046.95",
						"hidden_graph_ico":false
					},
					{
						"fitem_id":"15879",
						"fitem_name":"Cash Per Share (Quarter)",
						"fitem_value":"120.45",
						"hidden_graph_ico":false
					},
					{
						"fitem_id":"15718",
						"fitem_name":"Current Book Value Per Share",
						"fitem_value":"1,796.49",
						"hidden_graph_ico":false
					},
					{
						"fitem_id":"15882",
						"fitem_name":"Free Cashflow Per Share (TTM)",
						"fitem_value":"161.56",
						"hidden_graph_ico":false
					}
				],
				"keystats_name":"Per Share"
			},
			{
				"fin_name_results":[
					{
						"fitem_id":"2892",
						"fitem_name":"Market Cap",
						"fitem_value":"624,423 B",
						"hidden_graph_ico":false
					},
					{
						"fitem_id":"2895",
						"fitem_name":"Enterprise Value",
						"fitem_value":"611,507 B",
						"hidden_graph_ico":false
					},
					{
						"fitem_id":"2899",
						"fitem_name":"Current Share Outstanding",
						"fitem_value":"151.56 B",
						"hidden_graph_ico":false
					}
				],
				"keystats_name":"Size"
			},
			{
				"fin_name_results":[
					{
						"fitem_id":"13402",
						"fitem_name":"Altman Z-Score (Modified)",
						"fitem_value":"0.74",
						"hidden_graph_ico":false
					},
					{
						"fitem_id":"1498",
						"fitem_name":"Current Ratio (Quarter)",
						"fitem_value":"-",
						"hidden_graph_ico":false
					},
					{
						"fitem_id":"1500",
						"fitem_name":"Quick Ratio (Quarter)",
						"fitem_value":"-",
						"hidden_graph_ico":false
					},
					{
						"fitem_id":"1508",
						"fitem_name":"Debt to Equity Ratio (Quarter)",
						"fitem_value":"0.01",
						"hidden_graph_ico":false
					},
					{
						"fitem_id":"1504",
						"fitem_name":"LT Debt/Equity (Quarter)",
						"fitem_value":"-",
						"hidden_graph_ico":false
					},
					{
						"fitem_id":"1573",
						"fitem_name":"Total Liabilities/Equity (Quarter)",
						"fitem_value":"5.05",
						"hidden_graph_ico":false
					},
					{
						"fitem_id":"1512",
						"fitem_name":"Total Debt/Total Assets (Quarter)",
						"fitem_value":"-",
						"hidden_graph_ico":false
					},
					{
						"fitem_id":"1502",
						"fitem_name":"Financial Leverage (Quarter)",
						"fitem_value":"6.06",
						"hidden_graph_ico":false
					},
					{
						"fitem_id":"1484",
						"fitem_name":"Interest Coverage (TTM)",
						"fitem_value":"-",
						"hidden_graph_ico":false
					},
					{
						"fitem_id":"2536",
						"fitem_name":"Free cash flow (Quarter)",
						"fitem_value":"(35,009 B)",
						"hidden_graph_ico":false
					}
				],
				"keystats_name":"Solvency"
			},
			{
				"fin_name_results":[
					{
						"fitem_id":"1460",
						"fitem_name":"Return on Assets (TTM)(%)",
						"fitem_value":"2.21%",
						"hidden_graph_ico":false
					},
					{
						"fitem_id":"1461",
						"fitem_name":"Return on Equity (TTM)(%)",
						"fitem_value":"13.37%",
						"hidden_graph_ico":false
					},
					{
						"fitem_id":"1462",
						"fitem_name":"Return on Capital Employed (TTM)(%)",
						"fitem_value":"2.85%",
						"hidden_graph_ico":false
					},
					{
						"fitem_id":"13447",
						"fitem_name":"Return On Invested Capital (TTM)",
						"fitem_value":"13.53%",
						"hidden_graph_ico":false
					},
					{
						"fitem_id":"1432",
						"fitem_name":"Days Sales Outstanding (Quarter)",
						"fitem_value":"-",
						"hidden_graph_ico":false
					},
					{
						"fitem_id":"1435",
						"fitem_name":"Days Inventory (Quarter)",
						"fitem_value":"-",
						"hidden_graph_ico":false
					},
					{
						"fitem_id":"1439",
						"fitem_name":"Days Payables Outstanding (Quarter)",
						"fitem_value":"-",
						"hidden_graph_ico":false
					},
					{
						"fitem_id":"1442",
						"fitem_name":"Cash Conversion Cycle (Quarter)",
						"fitem_value":"-",
						"hidden_graph_ico":false
					},
					{
						"fitem_id":"1445",
						"fitem_name":"Receivables Turnover (Quarter)",
						"fitem_value":"-",
						"hidden_graph_ico":false
					},
					{
						"fitem_id":"1467",
						"fitem_name":"Asset Turnover (TTM)",
						"fitem_value":"0.10",
						"hidden_graph_ico":false
					},
					{
						"fitem_id":"1465",
						"fitem_name":"Inventory Turnover (TTM)",
						"fitem_value":"-",
						"hidden_graph_ico":false
					}
				],
				"keystats_name":"Management Effectiveness"
			},
			{
				"fin_name_results":[
					{
						"fitem_id":"14812",
						"fitem_name":"1 Week Price Returns (%)",
						"fitem_value":"0.98%",
						"hidden_graph_ico":true
					},
					{
						"fitem_id":"1564",
						"fitem_name":"1 Month Price Returns (%)",
						"fitem_value":"-5.07%",
						"hidden_graph_ico":true
					},
					{
						"fitem_id":"1565",
						"fitem_name":"3 Month Price Returns (%)",
						"fitem_value":"-10.63%",
						"hidden_graph_ico":true
					},
					{
						"fitem_id":"1566",
						"fitem_name":"6 Month Price Returns (%)",
						"fitem_value":"-1.67%",
						"hidden_graph_ico":true
					},
					{
						"fitem_id":"1567",
						"fitem_name":"1 Year Price Returns (%)",
						"fitem_value":"11.71%",
						"hidden_graph_ico":true
					},
					{
						"fitem_id":"1568",
						"fitem_name":"3 Year Price Returns (%)",
						"fitem_value":"-6.36%",
						"hidden_graph_ico":true
					},
					{
						"fitem_id":"18172",
						"fitem_name":"5 Year Price Returns (%)",
						"fitem_value":"41.73%",
						"hidden_graph_ico":true
					},
					{
						"fitem_id":"18173",
						"fitem_name":"10 Year Price Returns (%)",
						"fitem_value":"222.38%",
						"hidden_graph_ico":true
					},
					{
						"fitem_id":"1569",
						"fitem_name":"Year to Date Price Returns (%)",
						"fitem_value":"-",
						"hidden_graph_ico":true
					},
					{
						"fitem_id":"1570",
						"fitem_name":"52 Week High",
						"fitem_value":"4,980.00",
						"hidden_graph_ico":true
					},
					{
						"fitem_id":"1571",
						"fitem_name":"52 Week Low",
						"fitem_value":"3,500.00",
						"hidden_graph_ico":true
					}
				],
				"keystats_name":"Price Performance"
			},
			{
				"fin_name_results":[
					{
						"fitem_id":"1554",
						"fitem_name":"Revenue (Quarter YoY Growth)",
						"fitem_value":"26.05%",
						"hidden_graph_ico":false
					},
					{
						"fitem_id":"18215",
						"fitem_name":"Revenue (YTD YoY Growth)",
						"fitem_value":"26.05%",
						"hidden_graph_ico":false
					},
					{
						"fitem_id":"18212",
						"fitem_name":"Revenue (Annual YoY Growth)",
						"fitem_value":"22.23%",
						"hidden_graph_ico":false
					},
					{
						"fitem_id":"18214",
						"fitem_name":"Net Income (Quarter YoY Growth)",
						"fitem_value":"78.24%",
						"hidden_graph_ico":false
					},
					{
						"fitem_id":"18213",
						"fitem_name":"Net Income (YTD YoY Growth)",
						"fitem_value":"78.24%",
						"hidden_graph_ico":false
					},
					{
						"fitem_id":"18211",
						"fitem_name":"Net Income (Annual YoY Growth)",
						"fitem_value":"66.53%",
						"hidden_graph_ico":false
					},
					{
						"fitem_id":"1470",
						"fitem_name":"EPS (Quarter YoY Growth)",
						"fitem_value":"45.07%",
						"hidden_graph_ico":false
					},
					{
						"fitem_id":"1472",
						"fitem_name":"EPS (YTD YoY Growth) ",
						"fitem_value":"45.07%",
						"hidden_graph_ico":false
					},
					{
						"fitem_id":"1471",
						"fitem_name":"EPS (Annual YoY Growth) ",
						"fitem_value":"35.53%",
						"hidden_graph_ico":false
					}
				],
				"keystats_name":"Growth"
			},
			{
				"fin_name_results":[
					{
						"fitem_id":"13366",
						"fitem_name":"Piotroski F-Score",
						"fitem_value":"6.00",
						"hidden_graph_ico":true
					},
					{
						"fitem_id":"13382",
						"fitem_name":"EPS Rating (%)",
						"fitem_value":"-",
						"hidden_graph_ico":true
					},
					{
						"fitem_id":"13387",
						"fitem_name":"Relative Strength Rating (%)",
						"fitem_value":"46.00%",
						"hidden_graph_ico":true
					},
					{
						"fitem_id":"13423",
						"fitem_name":"Rank (Market Cap)(%)",
						"fitem_value":"100.00%",
						"hidden_graph_ico":true
					},
					{
						"fitem_id":"13426",
						"fitem_name":"Rank (Current PE Ratio TTM)",
						"fitem_value":"46.00%",
						"hidden_graph_ico":true
					},
					{
						"fitem_id":"13424",
						"fitem_name":"Rank (Earnings Yield)(%)",
						"fitem_value":"69.00%",
						"hidden_graph_ico":true
					},
					{
						"fitem_id":"13420",
						"fitem_name":"Rank (P/S)(%)",
						"fitem_value":"28.00%",
						"hidden_graph_ico":true
					},
					{
						"fitem_id":"13421",
						"fitem_name":"Rank (P/B)(%)",
						"fitem_value":"31.00%",
						"hidden_graph_ico":true
					},
					{
						"fitem_id":"13422",
						"fitem_name":"Rank (Near 52 Weeks High)",
						"fitem_value":"87.00%",
						"hidden_graph_ico":true
					}
				],
				"keystats_name":"Market Rank"
			},
			{
				"fin_name_results":[
					{
						"fitem_id":"1557",
						"fitem_name":"Cash (Quarter)",
						"fitem_value":"18,256 B",
						"hidden_graph_ico":false
					},
					{
						"fitem_id":"1559",
						"fitem_name":"Total Assets (Quarter)",
						"fitem_value":"1,650,279 B",
						"hidden_graph_ico":false
					},
					{
						"fitem_id":"1560",
						"fitem_name":"Total Liabilities (Quarter)",
						"fitem_value":"1,374,293 B",
						"hidden_graph_ico":false
					},
					{
						"fitem_id":"1518",
						"fitem_name":"Working Capital (Quarter)",
						"fitem_value":"-",
						"hidden_graph_ico":false
					},
					{
						"fitem_id":"1490",
						"fitem_name":"Book Value (Quarter)",
						"fitem_value":"272,275 B",
						"hidden_graph_ico":false
					},
					{
						"fitem_id":"15718",
						"fitem_name":"Current Book Value Per Share",
						"fitem_value":"1,796.49",
						"hidden_graph_ico":false
					},
					{
						"fitem_id":"1492",
						"fitem_name":"Tang. Book Value (Quarter)",
						"fitem_value":"272,275 B",
						"hidden_graph_ico":false
					},
					{
						"fitem_id":"15720",
						"fitem_name":"Current Tang. Book Value Per Share",
						"fitem_value":"1,796.49",
						"hidden_graph_ico":false
					},
					{
						"fitem_id":"1520",
						"fitem_name":"Short-term Debt (Quarter)",
						"fitem_value":"-",
						"hidden_graph_ico":false
					},
					{
						"fitem_id":"1524",
						"fitem_name":"Long-term Debt (Quarter)",
						"fitem_value":"-",
						"hidden_graph_ico":false
					},
					{
						"fitem_id":"1486",
						"fitem_name":"Total Debt (Quarter)",
						"fitem_value":"1,628 B",
						"hidden_graph_ico":false
					},
					{
						"fitem_id":"1488",
						"fitem_name":"Net Debt (Quarter)",
						"fitem_value":"(16,628 B)",
						"hidden_graph_ico":false
					}
				],
				"keystats_name":"Balance Sheet"
			},
			{
				"fin_name_results":[
					{
						"fitem_id":"2545",
						"fitem_name":"Cash From Operations (TTM)",
						"fitem_value":"34,213 B",
						"hidden_graph_ico":false
					},
					{
						"fitem_id":"2544",
						"fitem_name":"Cash From Investing (TTM)",
						"fitem_value":"(63,179 B)",
						"hidden_graph_ico":false
					},
					{
						"fitem_id":"2543",
						"fitem_name":"Cash From Financing (TTM)",
						"fitem_value":"23,232 B",
						"hidden_graph_ico":false
					},
					{
						"fitem_id":"2534",
						"fitem_name":"Capital expenditure (TTM)",
						"fitem_value":"(9,727 B)",
						"hidden_graph_ico":false
					},
					{
						"fitem_id":"2538",
						"fitem_name":"Free cash flow (TTM)",
						"fitem_value":"24,486 B",
						"hidden_graph_ico":false
					}
				],
				"keystats_name":"Cash Flow Statement"
			},
			{
				"fin_name_results":[
					{
						"fitem_id":"2913",
						"fitem_name":"Dividend",
						"fitem_value":"174.23",
						"hidden_graph_ico":false
					},
					{
						"fitem_id":"12722",
						"fitem_name":"Dividend (TTM)",
						"fitem_value":"174.25",
						"hidden_graph_ico":false
					},
					{
						"fitem_id":"2916",
						"fitem_name":"Payout Ratio (%)",
						"fitem_value":"85.01%",
						"hidden_graph_ico":false
					},
					{
						"fitem_id":"2915",
						"fitem_name":"Dividend Yield (%)",
						"fitem_value":"4.24%",
						"hidden_graph_ico":false
					},
					{
						"fitem_id":"20292",
						"fitem_name":"Latest Dividend Ex-Date",
						"fitem_value":"11 Mar 22",
						"hidden_graph_ico":false
					},
					{
						"fitem_id":"2918",
						"fitem_name":"Latest Split Factor (From 2008)",
						"fitem_value":"5.00",
						"hidden_graph_ico":false
					},
					{
						"fitem_id":"20293",
						"fitem_name":"Latest Split Ex-Date",
						"fitem_value":"10 Nov 17",
						"hidden_graph_ico":false
					},
					{
						"fitem_id":"12091",
						"fitem_name":"Latest Stock Bonus Factor (From 2008)",
						"fitem_value":"-",
						"hidden_graph_ico":false
					},
					{
						"fitem_id":"20294",
						"fitem_name":"Latest Stock Bonus Ex-Date",
						"fitem_value":"-",
						"hidden_graph_ico":false
					},
					{
						"fitem_id":"12093",
						"fitem_name":"Latest Dividend Bonus Factor (From 2008)",
						"fitem_value":"-",
						"hidden_graph_ico":false
					},
					{
						"fitem_id":"20295",
						"fitem_name":"Latest Dividend Bonus Ex-Date",
						"fitem_value":"-",
						"hidden_graph_ico":false
					}
				],
				"keystats_name":"Dividend"
			},
			{
				"fin_name_results":[
					{
						"fitem_id":"1561",
						"fitem_name":"Gross Profit Margin (Quarter)(%)",
						"fitem_value":"77.70%",
						"hidden_graph_ico":false
					},
					{
						"fitem_id":"13452",
						"fitem_name":"Average (Gross Profit Margin 5yr)",
						"fitem_value":"68.66%",
						"hidden_graph_ico":false
					},
					{
						"fitem_id":"1562",
						"fitem_name":"Operating Profit Margin (Quarter)(%)",
						"fitem_value":"38.79%",
						"hidden_graph_ico":false
					},
					{
						"fitem_id":"1563",
						"fitem_name":"Net Profit Margin (Quarter)(%)",
						"fitem_value":"30.81%",
						"hidden_graph_ico":false
					},
					{
						"fitem_id":"13438",
						"fitem_name":"Average (Net Profit Margin 5yr)",
						"fitem_value":"23.59%",
						"hidden_graph_ico":false
					}
				],
				"keystats_name":"Profitability"
			}
		],
		"financial_year_parent":{
			"financial_year_groups":[
				{
					"financial_year_values":[
						{
							"annualised_value":"48,669 B",
							"period_values":[
								{
									"period":"Q1",
									"quarter_value":"12,167 B",
									"year":"2022"
								}
							],
							"ttm_value":"36,408 B",
							"year":"2022"
						},
						{
							"annualised_value":"31,067 B",
							"period_values":[
								{
									"period":"Q1",
									"quarter_value":"6,826 B",
									"year":"2021"
								},
								{
									"period":"Q2",
									"quarter_value":"5,646 B",
									"year":"2021"
								},
								{
									"period":"Q3",
									"quarter_value":"6,784 B",
									"year":"2021"
								},
								{
									"period":"Q4",
									"quarter_value":"11,810 B",
									"year":"2021"
								}
							],
							"ttm_value":"17,318 B",
							"year":"2021"
						},
						{
							"annualised_value":"18,655 B",
							"period_values":[
								{
									"period":"Q1",
									"quarter_value":"8,163 B",
									"year":"2020"
								},
								{
									"period":"Q2",
									"quarter_value":"2,015 B",
									"year":"2020"
								},
								{
									"period":"Q3",
									"quarter_value":"3,938 B",
									"year":"2020"
								},
								{
									"period":"Q4",
									"quarter_value":"4,539 B",
									"year":"2020"
								}
							],
							"ttm_value":"34,371 B",
							"year":"2020"
						}
					],
					"fitem_name":"Net Income"
				},
				{
					"financial_year_values":[
						{
							"annualised_value":"157,972 B",
							"period_values":[
								{
									"period":"Q1",
									"quarter_value":"39,493 B",
									"year":"2022"
								}
							],
							"ttm_value":"158,675 B",
							"year":"2022"
						},
						{
							"annualised_value":"150,513 B",
							"period_values":[
								{
									"period":"Q1",
									"quarter_value":"31,331 B",
									"year":"2021"
								},
								{
									"period":"Q2",
									"quarter_value":"31,649 B",
									"year":"2021"
								},
								{
									"period":"Q3",
									"quarter_value":"32,987 B",
									"year":"2021"
								},
								{
									"period":"Q4",
									"quarter_value":"54,546 B",
									"year":"2021"
								}
							],
							"ttm_value":"121,613 B",
							"year":"2021"
						},
						{
							"annualised_value":"123,141 B",
							"period_values":[
								{
									"period":"Q1",
									"quarter_value":"32,859 B",
									"year":"2020"
								},
								{
									"period":"Q2",
									"quarter_value":"26,494 B",
									"year":"2020"
								},
								{
									"period":"Q3",
									"quarter_value":"31,054 B",
									"year":"2020"
								},
								{
									"period":"Q4",
									"quarter_value":"32,734 B",
									"year":"2020"
								}
							],
							"ttm_value":"129,327 B",
							"year":"2020"
						}
					],
					"fitem_name":"Revenue"
				}
			]
		},
		"most_recent_quarter":{
			"date":"31 Mar 2022",
			"quarter":"Q1",
			"stats":{
				"current_shareoutstanding":"151.56 B",
				"market_cap":"624,423 B"
			}
		}
	},
	"message":"Successfully retrieved company keystats"
}