{"data": {"closure_fin_items_results": [{"fin_name_results": [{"fitem_id": "12148", "fitem_name": "Current PE Ratio (Annualised)", "fitem_value": "22.60", "hidden_graph_ico": false}, {"fitem_id": "2891", "fitem_name": "Current PE Ratio (TTM)", "fitem_value": "55.40", "hidden_graph_ico": false}, {"fitem_id": "16577", "fitem_name": "Forward PE Ratio", "fitem_value": "46.00", "hidden_graph_ico": false}, {"fitem_id": "13427", "fitem_name": "IHSG PE Ratio TTM (Median)", "fitem_value": "8.56", "hidden_graph_ico": false}, {"fitem_id": "2898", "fitem_name": "Earnings Yield (TTM)(%)", "fitem_value": "1.81%", "hidden_graph_ico": false}, {"fitem_id": "2893", "fitem_name": "Current Price to Sales (TTM)", "fitem_value": "13.48", "hidden_graph_ico": false}, {"fitem_id": "2896", "fitem_name": "Current Price to Book Value", "fitem_value": "7.68", "hidden_graph_ico": false}, {"fitem_id": "16533", "fitem_name": "Current Price To Cashflow (TTM)", "fitem_value": "26.77", "hidden_graph_ico": false}, {"fitem_id": "15881", "fitem_name": "Current Price To Free Cashflow (TTM)", "fitem_value": "78.12", "hidden_graph_ico": false}, {"fitem_id": "2897", "fitem_name": "EV to EBIT (TTM)", "fitem_value": "53.78", "hidden_graph_ico": false}, {"fitem_id": "13431", "fitem_name": "PEG Ratio", "fitem_value": "-29.04", "hidden_graph_ico": false}, {"fitem_id": "13432", "fitem_name": "PEG Ratio (3yr)", "fitem_value": "-1.13", "hidden_graph_ico": false}, {"fitem_id": "13430", "fitem_name": "PEG (Forward)", "fitem_value": "-0.57", "hidden_graph_ico": false}], "keystats_name": "Current Valuation"}, {"fin_name_results": [{"fitem_id": "13200", "fitem_name": "Current EPS (TTM)", "fitem_value": "65.89", "hidden_graph_ico": false}, {"fitem_id": "12988", "fitem_name": "Current EPS (Annualised)", "fitem_value": "165.91", "hidden_graph_ico": false}, {"fitem_id": "15880", "fitem_name": "Revenue Per Share (TTM)", "fitem_value": "270.76", "hidden_graph_ico": false}, {"fitem_id": "15879", "fitem_name": "Cash Per Share (Quarter)", "fitem_value": "72.62", "hidden_graph_ico": false}, {"fitem_id": "15718", "fitem_name": "Current Book Value Per Share", "fitem_value": "475.37", "hidden_graph_ico": false}, {"fitem_id": "15882", "fitem_name": "Free Cashflow Per Share (TTM)", "fitem_value": "46.72", "hidden_graph_ico": false}], "keystats_name": "Per Share"}, {"fin_name_results": [{"fitem_id": "2892", "fitem_name": "Market Cap", "fitem_value": "88,004 B", "hidden_graph_ico": false}, {"fitem_id": "2895", "fitem_name": "Enterprise Value", "fitem_value": "97,106 B", "hidden_graph_ico": false}, {"fitem_id": "2899", "fitem_name": "Current Share Outstanding", "fitem_value": "24.11 B", "hidden_graph_ico": false}], "keystats_name": "Size"}, {"fin_name_results": [{"fitem_id": "13402", "fitem_name": "Altman Z-Score (Modified)", "fitem_value": "1.64", "hidden_graph_ico": false}, {"fitem_id": "1498", "fitem_name": "Current Ratio (Quarter)", "fitem_value": "0.82", "hidden_graph_ico": false}, {"fitem_id": "1500", "fitem_name": "Quick Ratio (Quarter)", "fitem_value": "0.52", "hidden_graph_ico": false}, {"fitem_id": "1508", "fitem_name": "Debt to Equity Ratio (Quarter)", "fitem_value": "0.83", "hidden_graph_ico": false}, {"fitem_id": "1504", "fitem_name": "LT Debt/Equity (Quarter)", "fitem_value": "0.37", "hidden_graph_ico": false}, {"fitem_id": "1573", "fitem_name": "Total Liabilities/Equity (Quarter)", "fitem_value": "1.09", "hidden_graph_ico": false}, {"fitem_id": "1512", "fitem_name": "Total Debt/Total Assets (Quarter)", "fitem_value": "0.37", "hidden_graph_ico": false}, {"fitem_id": "1502", "fitem_name": "Financial Leverage (Quarter)", "fitem_value": "2.21", "hidden_graph_ico": false}, {"fitem_id": "1484", "fitem_name": "Interest Coverage (TTM)", "fitem_value": "9.01", "hidden_graph_ico": false}, {"fitem_id": "2536", "fitem_name": "Free cash flow (Quarter)", "fitem_value": "537 B", "hidden_graph_ico": false}], "keystats_name": "Solvency"}, {"fin_name_results": [{"fitem_id": "1460", "fitem_name": "Return on Assets (TTM)(%)", "fitem_value": "6.26%", "hidden_graph_ico": false}, {"fitem_id": "1461", "fitem_name": "Return on Equity (TTM)(%)", "fitem_value": "13.86%", "hidden_graph_ico": false}, {"fitem_id": "1462", "fitem_name": "Return on Capital Employed (TTM)(%)", "fitem_value": "11.61%", "hidden_graph_ico": false}, {"fitem_id": "13447", "fitem_name": "Return On Invested Capital (TTM)", "fitem_value": "6.58%", "hidden_graph_ico": false}, {"fitem_id": "1432", "fitem_name": "Days Sales Outstanding (Quarter)", "fitem_value": "0.52", "hidden_graph_ico": false}, {"fitem_id": "1435", "fitem_name": "Days Inventory (Quarter)", "fitem_value": "168.36", "hidden_graph_ico": false}, {"fitem_id": "1439", "fitem_name": "Days Payables Outstanding (Quarter)", "fitem_value": "43.15", "hidden_graph_ico": false}, {"fitem_id": "1442", "fitem_name": "Cash Conversion Cycle (Quarter)", "fitem_value": "125.73", "hidden_graph_ico": false}, {"fitem_id": "1445", "fitem_name": "Receivables Turnover (Quarter)", "fitem_value": "174.03", "hidden_graph_ico": false}, {"fitem_id": "1467", "fitem_name": "Asset Turnover (TTM)", "fitem_value": "0.30", "hidden_graph_ico": false}, {"fitem_id": "1465", "fitem_name": "Inventory Turnover (TTM)", "fitem_value": "2.01", "hidden_graph_ico": false}], "keystats_name": "Management Effectiveness"}, {"fin_name_results": [{"fitem_id": "14812", "fitem_name": "1 Week Price Returns (%)", "fitem_value": "-4.20%", "hidden_graph_ico": true}, {"fitem_id": "1564", "fitem_name": "1 Month Price Returns (%)", "fitem_value": "-22.34%", "hidden_graph_ico": true}, {"fitem_id": "1565", "fitem_name": "3 Month Price Returns (%)", "fitem_value": "-32.28%", "hidden_graph_ico": true}, {"fitem_id": "1566", "fitem_name": "6 Month Price Returns (%)", "fitem_value": "-7.17%", "hidden_graph_ico": true}, {"fitem_id": "1567", "fitem_name": "1 Year Price Returns (%)", "fitem_value": "27.27%", "hidden_graph_ico": true}, {"fitem_id": "1568", "fitem_name": "3 Year Price Returns (%)", "fitem_value": "301.54%", "hidden_graph_ico": true}, {"fitem_id": "18172", "fitem_name": "5 Year Price Returns (%)", "fitem_value": "766.98%", "hidden_graph_ico": true}, {"fitem_id": "18173", "fitem_name": "10 Year Price Returns (%)", "fitem_value": "-", "hidden_graph_ico": true}, {"fitem_id": "1569", "fitem_name": "Year to Date Price Returns (%)", "fitem_value": "-1.19%", "hidden_graph_ico": true}, {"fitem_id": "1570", "fitem_name": "52 Week High", "fitem_value": "5,800.00", "hidden_graph_ico": true}, {"fitem_id": "1571", "fitem_name": "52 Week Low", "fitem_value": "2,361.00", "hidden_graph_ico": true}], "keystats_name": "Price Performance"}, {"fin_name_results": [{"fitem_id": "1554", "fitem_name": "Revenue (Quarter YoY Growth)", "fitem_value": "160.53%", "hidden_graph_ico": false}, {"fitem_id": "18215", "fitem_name": "Revenue (YTD YoY Growth)", "fitem_value": "160.53%", "hidden_graph_ico": false}, {"fitem_id": "18212", "fitem_name": "Revenue (Annual YoY Growth)", "fitem_value": "21.55%", "hidden_graph_ico": false}, {"fitem_id": "18214", "fitem_name": "Net Income (Quarter YoY Growth)", "fitem_value": "1,477.66%", "hidden_graph_ico": false}, {"fitem_id": "18213", "fitem_name": "Net Income (YTD YoY Growth)", "fitem_value": "1,477.66%", "hidden_graph_ico": false}, {"fitem_id": "18211", "fitem_name": "Net Income (Annual YoY Growth)", "fitem_value": "2.53%", "hidden_graph_ico": false}, {"fitem_id": "1470", "fitem_name": "EPS (Quarter YoY Growth)", "fitem_value": "1,477.29%", "hidden_graph_ico": false}, {"fitem_id": "1472", "fitem_name": "EPS (YTD YoY Growth) ", "fitem_value": "1,477.29%", "hidden_graph_ico": false}, {"fitem_id": "1471", "fitem_name": "EPS (Annual YoY Growth) ", "fitem_value": "-1.96%", "hidden_graph_ico": false}], "keystats_name": "Growth"}, {"fin_name_results": [{"fitem_id": "13366", "fitem_name": "Piotroski F-Score", "fitem_value": "7.00", "hidden_graph_ico": true}, {"fitem_id": "13382", "fitem_name": "EPS Rating (%)", "fitem_value": "-", "hidden_graph_ico": true}, {"fitem_id": "13387", "fitem_name": "Relative Strength Rating (%)", "fitem_value": "48.00%", "hidden_graph_ico": true}, {"fitem_id": "13423", "fitem_name": "Rank (Market Cap)(%)", "fitem_value": "98.00%", "hidden_graph_ico": true}, {"fitem_id": "13426", "fitem_name": "Rank (Current PE Ratio TTM)", "fitem_value": "19.00%", "hidden_graph_ico": true}, {"fitem_id": "13424", "fitem_name": "Rank (Earnings Yield)(%)", "fitem_value": "53.00%", "hidden_graph_ico": true}, {"fitem_id": "13420", "fitem_name": "Rank (P/S)(%)", "fitem_value": "12.00%", "hidden_graph_ico": true}, {"fitem_id": "13421", "fitem_name": "Rank (P/B)(%)", "fitem_value": "8.00%", "hidden_graph_ico": true}, {"fitem_id": "13422", "fitem_name": "Rank (Near 52 Weeks High)", "fitem_value": "73.00%", "hidden_graph_ico": true}], "keystats_name": "Market Rank"}, {"fin_name_results": [{"fitem_id": "1557", "fitem_name": "Cash (Quarter)", "fitem_value": "1,751 B", "hidden_graph_ico": false}, {"fitem_id": "1559", "fitem_name": "Total Assets (Quarter)", "fitem_value": "25,380 B", "hidden_graph_ico": false}, {"fitem_id": "1560", "fitem_name": "Total Liabilities (Quarter)", "fitem_value": "12,527 B", "hidden_graph_ico": false}, {"fitem_id": "1518", "fitem_name": "Working Capital (Quarter)", "fitem_value": "(1,355 B)", "hidden_graph_ico": false}, {"fitem_id": "1490", "fitem_name": "Book Value (Quarter)", "fitem_value": "11,462 B", "hidden_graph_ico": false}, {"fitem_id": "15718", "fitem_name": "Current Book Value Per Share", "fitem_value": "475.37", "hidden_graph_ico": false}, {"fitem_id": "1492", "fitem_name": "Tang. Book Value (Quarter)", "fitem_value": "11,462 B", "hidden_graph_ico": false}, {"fitem_id": "15720", "fitem_name": "Current Tang. Book Value Per Share", "fitem_value": "475.37", "hidden_graph_ico": false}, {"fitem_id": "1520", "fitem_name": "Short-term Debt (Quarter)", "fitem_value": "5,233 B", "hidden_graph_ico": false}, {"fitem_id": "1524", "fitem_name": "Long-term Debt (Quarter)", "fitem_value": "4,228 B", "hidden_graph_ico": false}, {"fitem_id": "1486", "fitem_name": "Total Debt (Quarter)", "fitem_value": "9,461 B", "hidden_graph_ico": false}, {"fitem_id": "1488", "fitem_name": "Net Debt (Quarter)", "fitem_value": "7,710 B", "hidden_graph_ico": false}], "keystats_name": "Balance Sheet"}, {"fin_name_results": [{"fitem_id": "2545", "fitem_name": "Cash From Operations (TTM)", "fitem_value": "3,288 B", "hidden_graph_ico": false}, {"fitem_id": "2544", "fitem_name": "Cash From Investing (TTM)", "fitem_value": "(9,367 B)", "hidden_graph_ico": false}, {"fitem_id": "2543", "fitem_name": "Cash From Financing (TTM)", "fitem_value": "3,871 B", "hidden_graph_ico": false}, {"fitem_id": "2534", "fitem_name": "Capital expenditure (TTM)", "fitem_value": "(2,161 B)", "hidden_graph_ico": false}, {"fitem_id": "2538", "fitem_name": "Free cash flow (TTM)", "fitem_value": "1,127 B", "hidden_graph_ico": false}], "keystats_name": "Cash Flow Statement"}, {"fin_name_results": [{"fitem_id": "2913", "fitem_name": "Dividend", "fitem_value": "-", "hidden_graph_ico": false}, {"fitem_id": "12722", "fitem_name": "Dividend (TTM)", "fitem_value": "-", "hidden_graph_ico": false}, {"fitem_id": "2916", "fitem_name": "Payout Ratio (%)", "fitem_value": "-", "hidden_graph_ico": false}, {"fitem_id": "2915", "fitem_name": "Dividend Yield (%)", "fitem_value": "-", "hidden_graph_ico": false}, {"fitem_id": "20292", "fitem_name": "Latest Dividend Ex-Date", "fitem_value": "-", "hidden_graph_ico": false}, {"fitem_id": "2918", "fitem_name": "Latest Split Factor (From 2008)", "fitem_value": "5.00", "hidden_graph_ico": false}, {"fitem_id": "20293", "fitem_name": "Latest Split Ex-Date", "fitem_value": "18 Oct 19", "hidden_graph_ico": false}, {"fitem_id": "12091", "fitem_name": "Latest Stock Bonus Factor (From 2008)", "fitem_value": "-", "hidden_graph_ico": false}, {"fitem_id": "20294", "fitem_name": "Latest Stock Bonus Ex-Date", "fitem_value": "-", "hidden_graph_ico": false}, {"fitem_id": "12093", "fitem_name": "Latest Dividend Bonus Factor (From 2008)", "fitem_value": "-", "hidden_graph_ico": false}, {"fitem_id": "20295", "fitem_name": "Latest Dividend Bonus Ex-Date", "fitem_value": "-", "hidden_graph_ico": false}], "keystats_name": "Dividend"}, {"fin_name_results": [{"fitem_id": "1561", "fitem_name": "Gross Profit Margin (Quarter)(%)", "fitem_value": "37.07%", "hidden_graph_ico": false}, {"fitem_id": "13452", "fitem_name": "Average (Gross Profit Margin 5yr)", "fitem_value": "43.20%", "hidden_graph_ico": false}, {"fitem_id": "1562", "fitem_name": "Operating Profit Margin (Quarter)(%)", "fitem_value": "23.99%", "hidden_graph_ico": false}, {"fitem_id": "1563", "fitem_name": "Net Profit Margin (Quarter)(%)", "fitem_value": "56.59%", "hidden_graph_ico": false}, {"fitem_id": "13438", "fitem_name": "Average (Net Profit Margin 5yr)", "fitem_value": "17.90%", "hidden_graph_ico": false}], "keystats_name": "Profitability"}], "financial_year_parent": {"financial_year_groups": [{"financial_year_values": [{"year": "2022", "period_values": [{"period": "Q1", "quarter_value": "1,000 B", "year": "2022"}], "annualised_value": "4,000 B", "ttm_value": "1,589 B"}, {"year": "2021", "period_values": [{"period": "Q1", "quarter_value": "(73 B)", "year": "2021"}, {"period": "Q2", "quarter_value": "158 B", "year": "2021"}, {"period": "Q3", "quarter_value": "216 B", "year": "2021"}, {"period": "Q4", "quarter_value": "214 B", "year": "2021"}], "annualised_value": "516 B", "ttm_value": "186 B"}, {"year": "2020", "period_values": [{"period": "Q1", "quarter_value": "245 B", "year": "2020"}, {"period": "Q2", "quarter_value": "302 B", "year": "2020"}, {"period": "Q3", "quarter_value": "306 B", "year": "2020"}, {"period": "Q4", "quarter_value": "(350 B)", "year": "2020"}], "annualised_value": "503 B", "ttm_value": "940 B"}], "fitem_name": "Net Income"}, {"financial_year_values": [{"year": "2022", "period_values": [{"period": "Q1", "quarter_value": "1,767 B", "year": "2022"}], "annualised_value": "7,069 B", "ttm_value": "6,528 B"}, {"year": "2021", "period_values": [{"period": "Q1", "quarter_value": "678 B", "year": "2021"}, {"period": "Q2", "quarter_value": "1,291 B", "year": "2021"}, {"period": "Q3", "quarter_value": "1,771 B", "year": "2021"}, {"period": "Q4", "quarter_value": "1,699 B", "year": "2021"}], "annualised_value": "5,439 B", "ttm_value": "3,454 B"}, {"year": "2020", "period_values": [{"period": "Q1", "quarter_value": "1,699 B", "year": "2020"}, {"period": "Q2", "quarter_value": "1,145 B", "year": "2020"}, {"period": "Q3", "quarter_value": "1,580 B", "year": "2020"}, {"period": "Q4", "quarter_value": "51 B", "year": "2020"}], "annualised_value": "4,475 B", "ttm_value": "5,981 B"}], "fitem_name": "Revenue"}]}, "most_recent_quarter": {"date": "31 Mar 2022", "quarter": "Q1", "stats": {"current_shareoutstanding": "24.11 B", "market_cap": "88,004 B"}}}, "message": "Successfully retrieved company keystats"}